{
  "getSchema": {
    "type": "object",
    "required": ["identificador_usuario"],
    "properties": {
      "identificador_usuario": {
        "type": "string"
      }
    }
  },
  "postSchema": {
    "type": "object",
    "required": ["identificador_usuario", "senha_usuario"],
    "properties": {
      "identificador_usuario": {
        "type": "string",
        "minLength": 1,
        "maxLength": 45
      },
      "senha_usuario": {
        "type": "string",
        "minLength": 1,
        "maxLength": 45
      },
      "nome_usuario": {
        "type": "string",
        "minLength": 1,
        "maxLength": 45
      },
      "cargo_usuario": {
        "type": "string",
        "minLength": 1,
        "maxLength": 45
      },
      "status_usuario": {
        "type": "string",
        "minLength": 1,
        "maxLength": 45
      },
      "datacad_usuario": {
        "type": "string"
      }
    }
  }
}
